rank,uid,title,year,venue,url,problem_claimed,actual_mechanism,hidden_assumptions,variables_treated_as_fixed,failure_modes_ignored,what_it_makes_less_novel,what_it_leaves_open
1,doi:10.1007/s11760-026-05439-7,ZeroRel: Multimodal Transformer-Guided Zero-Shot Relationship Retrieval for Generalized Scene Graph Generation,2026,"Signal, Image and Video Processing",https://doi.org/10.1007/s11760-026-05439-7,Addresses transformer robot policies or a neighboring robotics mechanism.,"Prior work usually predicts, ranks, filters, or imitates observed behavior rather than preserving unrealized branches.",The observed outcome is enough to supervise the model.,"Contact mode support, embodiment limits, and deployment perturbations.","Branch collapse, hidden-mode shift, and tail-risk planning failures.",Generic world models and generic uncertainty are crowded.,Force memory transformers keeps action-critical alternatives explicit until a physical observation collapses them.
2,doi:10.1109/wacv61041.2025.00220,Scene-LLM: Extending Language Model for 3D Visual Reasoning,2025,2025 IEEE/CVF Winter Conference on Applications of Computer Vision (WACV),https://doi.org/10.1109/wacv61041.2025.00220,Addresses transformer robot policies or a neighboring robotics mechanism.,"Prior work usually predicts, ranks, filters, or imitates observed behavior rather than preserving unrealized branches.",The observed outcome is enough to supervise the model.,"Contact mode support, embodiment limits, and deployment perturbations.","Branch collapse, hidden-mode shift, and tail-risk planning failures.",Generic world models and generic uncertainty are crowded.,Force memory transformers keeps action-critical alternatives explicit until a physical observation collapses them.
3,doi:10.1177/0278364919839761,Semantic–geometric visual place recognition: a new perspective for reconciling opposing views,2022,The International Journal of Robotics Research,https://doi.org/10.1177/0278364919839761,Addresses transformer robot policies or a neighboring robotics mechanism.,"Prior work usually predicts, ranks, filters, or imitates observed behavior rather than preserving unrealized branches.",The observed outcome is enough to supervise the model.,"Contact mode support, embodiment limits, and deployment perturbations.","Branch collapse, hidden-mode shift, and tail-risk planning failures.",Generic world models and generic uncertainty are crowded.,Force memory transformers keeps action-critical alternatives explicit until a physical observation collapses them.
4,doi:10.1109/icra48891.2023.10160403,Surgical-VQLA:Transformer with Gated Vision-Language Embedding for Visual Question Localized-Answering in Robotic Surgery,2023,2023 IEEE International Conference on Robotics and Automation (ICRA),https://doi.org/10.1109/icra48891.2023.10160403,Addresses transformer robot policies or a neighboring robotics mechanism.,"Prior work usually predicts, ranks, filters, or imitates observed behavior rather than preserving unrealized branches.",The observed outcome is enough to supervise the model.,"Contact mode support, embodiment limits, and deployment perturbations.","Branch collapse, hidden-mode shift, and tail-risk planning failures.",Generic world models and generic uncertainty are crowded.,Force memory transformers keeps action-critical alternatives explicit until a physical observation collapses them.
5,doi:10.1109/wacvw65960.2025.00115,Evaluating Multimodal Vision-Language Model Prompting Strategies for Visual Question Answering in Road Scene Understanding,2025,2025 IEEE/CVF Winter Conference on Applications of Computer Vision Workshops (WACVW),https://doi.org/10.1109/wacvw65960.2025.00115,Addresses transformer robot policies or a neighboring robotics mechanism.,"Prior work usually predicts, ranks, filters, or imitates observed behavior rather than preserving unrealized branches.",The observed outcome is enough to supervise the model.,"Contact mode support, embodiment limits, and deployment perturbations.","Branch collapse, hidden-mode shift, and tail-risk planning failures.",Generic world models and generic uncertainty are crowded.,Force memory transformers keeps action-critical alternatives explicit until a physical observation collapses them.
6,arxiv:2211.04785v1,Masked Vision-Language Transformers for Scene Text Recognition,2022,arXiv,http://arxiv.org/abs/2211.04785v1,Addresses transformer robot policies or a neighboring robotics mechanism.,"Prior work usually predicts, ranks, filters, or imitates observed behavior rather than preserving unrealized branches.",The observed outcome is enough to supervise the model.,"Contact mode support, embodiment limits, and deployment perturbations.","Branch collapse, hidden-mode shift, and tail-risk planning failures.",Generic world models and generic uncertainty are crowded.,Force memory transformers keeps action-critical alternatives explicit until a physical observation collapses them.
7,doi:10.3390/buildings15162970,Evaluating Urban Visual Attractiveness Perception Using Multimodal Large Language Model and Street View Images,2025,Buildings,https://doi.org/10.3390/buildings15162970,Addresses transformer robot policies or a neighboring robotics mechanism.,"Prior work usually predicts, ranks, filters, or imitates observed behavior rather than preserving unrealized branches.",The observed outcome is enough to supervise the model.,"Contact mode support, embodiment limits, and deployment perturbations.","Branch collapse, hidden-mode shift, and tail-risk planning failures.",Generic world models and generic uncertainty are crowded.,Force memory transformers keeps action-critical alternatives explicit until a physical observation collapses them.
8,doi:10.1016/j.patcog.2025.111641,Cross-scene visual context parsing with large vision-language model,2025,Pattern Recognition,https://doi.org/10.1016/j.patcog.2025.111641,Addresses transformer robot policies or a neighboring robotics mechanism.,"Prior work usually predicts, ranks, filters, or imitates observed behavior rather than preserving unrealized branches.",The observed outcome is enough to supervise the model.,"Contact mode support, embodiment limits, and deployment perturbations.","Branch collapse, hidden-mode shift, and tail-risk planning failures.",Generic world models and generic uncertainty are crowded.,Force memory transformers keeps action-critical alternatives explicit until a physical observation collapses them.
9,doi:10.1109/cvpr52688.2022.01516,Unsupervised Vision-Language Parsing: Seamlessly Bridging Visual Scene Graphs with Language Structures via Dependency Relationships,2022,2022 IEEE/CVF Conference on Computer Vision and Pattern Recognition (CVPR),https://doi.org/10.1109/cvpr52688.2022.01516,Addresses transformer robot policies or a neighboring robotics mechanism.,"Prior work usually predicts, ranks, filters, or imitates observed behavior rather than preserving unrealized branches.",The observed outcome is enough to supervise the model.,"Contact mode support, embodiment limits, and deployment perturbations.","Branch collapse, hidden-mode shift, and tail-risk planning failures.",Generic world models and generic uncertainty are crowded.,Force memory transformers keeps action-critical alternatives explicit until a physical observation collapses them.
10,doi:10.1609/aaai.v36i5.20536,SGEITL: Scene Graph Enhanced Image-Text Learning for Visual Commonsense Reasoning,2022,Proceedings of the AAAI Conference on Artificial Intelligence,https://doi.org/10.1609/aaai.v36i5.20536,Addresses transformer robot policies or a neighboring robotics mechanism.,"Prior work usually predicts, ranks, filters, or imitates observed behavior rather than preserving unrealized branches.",The observed outcome is enough to supervise the model.,"Contact mode support, embodiment limits, and deployment perturbations.","Branch collapse, hidden-mode shift, and tail-risk planning failures.",Generic world models and generic uncertainty are crowded.,Force memory transformers keeps action-critical alternatives explicit until a physical observation collapses them.
11,doi:10.3390/sym15091768,Accurate Electromagnetic Force Analysis of Offshore Wind Power Transformer Windings Based on Fractional Order Lumped Parameter Model,2023,Symmetry,https://doi.org/10.3390/sym15091768,Addresses transformer robot policies or a neighboring robotics mechanism.,"Prior work usually predicts, ranks, filters, or imitates observed behavior rather than preserving unrealized branches.",The observed outcome is enough to supervise the model.,"Contact mode support, embodiment limits, and deployment perturbations.","Branch collapse, hidden-mode shift, and tail-risk planning failures.",Generic world models and generic uncertainty are crowded.,Force memory transformers keeps action-critical alternatives explicit until a physical observation collapses them.
12,doi:10.3390/robotics14050066,Hybrid Deep Learning Framework for Eye-in-Hand Visual Control Systems,2025,Robotics,https://doi.org/10.3390/robotics14050066,Addresses transformer robot policies or a neighboring robotics mechanism.,"Prior work usually predicts, ranks, filters, or imitates observed behavior rather than preserving unrealized branches.",The observed outcome is enough to supervise the model.,"Contact mode support, embodiment limits, and deployment perturbations.","Branch collapse, hidden-mode shift, and tail-risk planning failures.",Generic world models and generic uncertainty are crowded.,Force memory transformers keeps action-critical alternatives explicit until a physical observation collapses them.
13,doi:10.1109/lra.2023.3333238,VME-Transformer: Enhancing Visual Memory Encoding for Navigation in Interactive Environments,2024,IEEE Robotics and Automation Letters,https://doi.org/10.1109/lra.2023.3333238,Addresses transformer robot policies or a neighboring robotics mechanism.,"Prior work usually predicts, ranks, filters, or imitates observed behavior rather than preserving unrealized branches.",The observed outcome is enough to supervise the model.,"Contact mode support, embodiment limits, and deployment perturbations.","Branch collapse, hidden-mode shift, and tail-risk planning failures.",Generic world models and generic uncertainty are crowded.,Force memory transformers keeps action-critical alternatives explicit until a physical observation collapses them.
14,doi:10.1109/cvpr.2019.00063,Scene Memory Transformer for Embodied Agents in Long-Horizon Tasks,2019,2019 IEEE/CVF Conference on Computer Vision and Pattern Recognition (CVPR),https://doi.org/10.1109/cvpr.2019.00063,Addresses transformer robot policies or a neighboring robotics mechanism.,"Prior work usually predicts, ranks, filters, or imitates observed behavior rather than preserving unrealized branches.",The observed outcome is enough to supervise the model.,"Contact mode support, embodiment limits, and deployment perturbations.","Branch collapse, hidden-mode shift, and tail-risk planning failures.",Generic world models and generic uncertainty are crowded.,Force memory transformers keeps action-critical alternatives explicit until a physical observation collapses them.
15,doi:10.1016/j.neucom.2025.130729,GPPT: Graph pyramid pooling transformer for visual scene,2025,Neurocomputing,https://doi.org/10.1016/j.neucom.2025.130729,Addresses transformer robot policies or a neighboring robotics mechanism.,"Prior work usually predicts, ranks, filters, or imitates observed behavior rather than preserving unrealized branches.",The observed outcome is enough to supervise the model.,"Contact mode support, embodiment limits, and deployment perturbations.","Branch collapse, hidden-mode shift, and tail-risk planning failures.",Generic world models and generic uncertainty are crowded.,Force memory transformers keeps action-critical alternatives explicit until a physical observation collapses them.
16,doi:10.1109/lra.2023.3241803,Transformer Memory for Interactive Visual Navigation in Cluttered Environments,2023,IEEE Robotics and Automation Letters,https://doi.org/10.1109/lra.2023.3241803,Addresses transformer robot policies or a neighboring robotics mechanism.,"Prior work usually predicts, ranks, filters, or imitates observed behavior rather than preserving unrealized branches.",The observed outcome is enough to supervise the model.,"Contact mode support, embodiment limits, and deployment perturbations.","Branch collapse, hidden-mode shift, and tail-risk planning failures.",Generic world models and generic uncertainty are crowded.,Force memory transformers keeps action-critical alternatives explicit until a physical observation collapses them.
17,doi:10.1167/18.5.14,Separate and combined effects of action relevance and motivational value on visual working memory,2018,Journal of Vision,https://doi.org/10.1167/18.5.14,Addresses transformer robot policies or a neighboring robotics mechanism.,"Prior work usually predicts, ranks, filters, or imitates observed behavior rather than preserving unrealized branches.",The observed outcome is enough to supervise the model.,"Contact mode support, embodiment limits, and deployment perturbations.","Branch collapse, hidden-mode shift, and tail-risk planning failures.",Generic world models and generic uncertainty are crowded.,Force memory transformers keeps action-critical alternatives explicit until a physical observation collapses them.
18,doi:10.1109/lra.2024.3500882,DINO-MOT: 3D Multi-Object Tracking With Visual Foundation Model for Pedestrian Re-Identification Using Visual Memory Mechanism,2025,IEEE Robotics and Automation Letters,https://doi.org/10.1109/lra.2024.3500882,Addresses transformer robot policies or a neighboring robotics mechanism.,"Prior work usually predicts, ranks, filters, or imitates observed behavior rather than preserving unrealized branches.",The observed outcome is enough to supervise the model.,"Contact mode support, embodiment limits, and deployment perturbations.","Branch collapse, hidden-mode shift, and tail-risk planning failures.",Generic world models and generic uncertainty are crowded.,Force memory transformers keeps action-critical alternatives explicit until a physical observation collapses them.
19,doi:10.48550/arxiv.2304.01201,Neural Volumetric Memory for Visual Locomotion Control,2023,arXiv (Cornell University),https://doi.org/10.48550/arxiv.2304.01201,Addresses transformer robot policies or a neighboring robotics mechanism.,"Prior work usually predicts, ranks, filters, or imitates observed behavior rather than preserving unrealized branches.",The observed outcome is enough to supervise the model.,"Contact mode support, embodiment limits, and deployment perturbations.","Branch collapse, hidden-mode shift, and tail-risk planning failures.",Generic world models and generic uncertainty are crowded.,Force memory transformers keeps action-critical alternatives explicit until a physical observation collapses them.
20,doi:10.1016/j.visres.2020.05.008,Action-induced changes in the perceived temporal features of visual events,2020,Vision Research,https://doi.org/10.1016/j.visres.2020.05.008,Addresses transformer robot policies or a neighboring robotics mechanism.,"Prior work usually predicts, ranks, filters, or imitates observed behavior rather than preserving unrealized branches.",The observed outcome is enough to supervise the model.,"Contact mode support, embodiment limits, and deployment perturbations.","Branch collapse, hidden-mode shift, and tail-risk planning failures.",Generic world models and generic uncertainty are crowded.,Force memory transformers keeps action-critical alternatives explicit until a physical observation collapses them.
21,doi:10.3390/rs14153709,Scene Changes Understanding Framework Based on Graph Convolutional Networks and Swin Transformer Blocks for Monitoring LCLU Using High-Resolution Remote Sensing Images,2022,Remote Sensing,https://doi.org/10.3390/rs14153709,Addresses transformer robot policies or a neighboring robotics mechanism.,"Prior work usually predicts, ranks, filters, or imitates observed behavior rather than preserving unrealized branches.",The observed outcome is enough to supervise the model.,"Contact mode support, embodiment limits, and deployment perturbations.","Branch collapse, hidden-mode shift, and tail-risk planning failures.",Generic world models and generic uncertainty are crowded.,Force memory transformers keeps action-critical alternatives explicit until a physical observation collapses them.
22,doi:10.1167/jov.25.9.2697,Learned affordances and action similarity modulate repulsion biases in visual working memory,2025,Journal of Vision,https://doi.org/10.1167/jov.25.9.2697,Addresses transformer robot policies or a neighboring robotics mechanism.,"Prior work usually predicts, ranks, filters, or imitates observed behavior rather than preserving unrealized branches.",The observed outcome is enough to supervise the model.,"Contact mode support, embodiment limits, and deployment perturbations.","Branch collapse, hidden-mode shift, and tail-risk planning failures.",Generic world models and generic uncertainty are crowded.,Force memory transformers keeps action-critical alternatives explicit until a physical observation collapses them.
23,doi:10.1167/jov.24.10.1045,Action planning biases interactions between visual working memory representations,2024,Journal of Vision,https://doi.org/10.1167/jov.24.10.1045,Addresses transformer robot policies or a neighboring robotics mechanism.,"Prior work usually predicts, ranks, filters, or imitates observed behavior rather than preserving unrealized branches.",The observed outcome is enough to supervise the model.,"Contact mode support, embodiment limits, and deployment perturbations.","Branch collapse, hidden-mode shift, and tail-risk planning failures.",Generic world models and generic uncertainty are crowded.,Force memory transformers keeps action-critical alternatives explicit until a physical observation collapses them.
24,doi:10.1167/jov.24.10.344,Flexible allocation of visual selection and action planning during visual working memory,2024,Journal of Vision,https://doi.org/10.1167/jov.24.10.344,Addresses transformer robot policies or a neighboring robotics mechanism.,"Prior work usually predicts, ranks, filters, or imitates observed behavior rather than preserving unrealized branches.",The observed outcome is enough to supervise the model.,"Contact mode support, embodiment limits, and deployment perturbations.","Branch collapse, hidden-mode shift, and tail-risk planning failures.",Generic world models and generic uncertainty are crowded.,Force memory transformers keeps action-critical alternatives explicit until a physical observation collapses them.
25,doi:10.1007/s11633-022-1362-z,Causal Reasoning Meets Visual Representation Learning: A Prospective Study,2022,Machine Intelligence Research,https://doi.org/10.1007/s11633-022-1362-z,Addresses transformer robot policies or a neighboring robotics mechanism.,"Prior work usually predicts, ranks, filters, or imitates observed behavior rather than preserving unrealized branches.",The observed outcome is enough to supervise the model.,"Contact mode support, embodiment limits, and deployment perturbations.","Branch collapse, hidden-mode shift, and tail-risk planning failures.",Generic world models and generic uncertainty are crowded.,Force memory transformers keeps action-critical alternatives explicit until a physical observation collapses them.
26,arxiv:2501.00358v2,Embodied VideoAgent: Persistent Memory from Egocentric Videos and Embodied Sensors Enables Dynamic Scene Understanding,2024,arXiv,http://arxiv.org/abs/2501.00358v2,Addresses transformer robot policies or a neighboring robotics mechanism.,"Prior work usually predicts, ranks, filters, or imitates observed behavior rather than preserving unrealized branches.",The observed outcome is enough to supervise the model.,"Contact mode support, embodiment limits, and deployment perturbations.","Branch collapse, hidden-mode shift, and tail-risk planning failures.",Generic world models and generic uncertainty are crowded.,Force memory transformers keeps action-critical alternatives explicit until a physical observation collapses them.
27,doi:10.20944/preprints202511.0283.v1,Explainable Transfer Learning of Cross-Dataset in Visual Scene Segmentation,,,https://doi.org/10.20944/preprints202511.0283.v1,Addresses transformer robot policies or a neighboring robotics mechanism.,"Prior work usually predicts, ranks, filters, or imitates observed behavior rather than preserving unrealized branches.",The observed outcome is enough to supervise the model.,"Contact mode support, embodiment limits, and deployment perturbations.","Branch collapse, hidden-mode shift, and tail-risk planning failures.",Generic world models and generic uncertainty are crowded.,Force memory transformers keeps action-critical alternatives explicit until a physical observation collapses them.
28,doi:10.3389/fmed.2026.1849346,Scene graph-guided uncertainty decomposition improves confidence calibration in surgical visual question answering,2026,Frontiers in Medicine,https://doi.org/10.3389/fmed.2026.1849346,Addresses transformer robot policies or a neighboring robotics mechanism.,"Prior work usually predicts, ranks, filters, or imitates observed behavior rather than preserving unrealized branches.",The observed outcome is enough to supervise the model.,"Contact mode support, embodiment limits, and deployment perturbations.","Branch collapse, hidden-mode shift, and tail-risk planning failures.",Generic world models and generic uncertainty are crowded.,Force memory transformers keeps action-critical alternatives explicit until a physical observation collapses them.
29,doi:10.48550/arxiv.2305.03595,HSCNet++: Hierarchical Scene Coordinate Classification and Regression for Visual Localization with Transformer,2023,arXiv (Cornell University),https://doi.org/10.48550/arxiv.2305.03595,Addresses transformer robot policies or a neighboring robotics mechanism.,"Prior work usually predicts, ranks, filters, or imitates observed behavior rather than preserving unrealized branches.",The observed outcome is enough to supervise the model.,"Contact mode support, embodiment limits, and deployment perturbations.","Branch collapse, hidden-mode shift, and tail-risk planning failures.",Generic world models and generic uncertainty are crowded.,Force memory transformers keeps action-critical alternatives explicit until a physical observation collapses them.
30,doi:10.1109/icra57147.2024.10611205,Exploring Transformers and Visual Transformers for Force Prediction in Human-Robot Collaborative Transportation Tasks,2024,2024 IEEE International Conference on Robotics and Automation (ICRA),https://doi.org/10.1109/icra57147.2024.10611205,Addresses transformer robot policies or a neighboring robotics mechanism.,"Prior work usually predicts, ranks, filters, or imitates observed behavior rather than preserving unrealized branches.",The observed outcome is enough to supervise the model.,"Contact mode support, embodiment limits, and deployment perturbations.","Branch collapse, hidden-mode shift, and tail-risk planning failures.",Generic world models and generic uncertainty are crowded.,Force memory transformers keeps action-critical alternatives explicit until a physical observation collapses them.
31,doi:10.1109/icra40945.2020.9196638,Are We Ready for Service Robots? The OpenLORIS-Scene Datasets for Lifelong SLAM,2020,,https://doi.org/10.1109/icra40945.2020.9196638,Addresses transformer robot policies or a neighboring robotics mechanism.,"Prior work usually predicts, ranks, filters, or imitates observed behavior rather than preserving unrealized branches.",The observed outcome is enough to supervise the model.,"Contact mode support, embodiment limits, and deployment perturbations.","Branch collapse, hidden-mode shift, and tail-risk planning failures.",Generic world models and generic uncertainty are crowded.,Force memory transformers keeps action-critical alternatives explicit until a physical observation collapses them.
32,doi:10.1609/aaai.v37i2.25335,Superpoint Transformer for 3D Scene Instance Segmentation,2023,Proceedings of the AAAI Conference on Artificial Intelligence,https://doi.org/10.1609/aaai.v37i2.25335,Addresses transformer robot policies or a neighboring robotics mechanism.,"Prior work usually predicts, ranks, filters, or imitates observed behavior rather than preserving unrealized branches.",The observed outcome is enough to supervise the model.,"Contact mode support, embodiment limits, and deployment perturbations.","Branch collapse, hidden-mode shift, and tail-risk planning failures.",Generic world models and generic uncertainty are crowded.,Force memory transformers keeps action-critical alternatives explicit until a physical observation collapses them.
33,doi:10.1167/jov.23.9.4884,Action consequences guide visual working memory use,2023,Journal of Vision,https://doi.org/10.1167/jov.23.9.4884,Addresses transformer robot policies or a neighboring robotics mechanism.,"Prior work usually predicts, ranks, filters, or imitates observed behavior rather than preserving unrealized branches.",The observed outcome is enough to supervise the model.,"Contact mode support, embodiment limits, and deployment perturbations.","Branch collapse, hidden-mode shift, and tail-risk planning failures.",Generic world models and generic uncertainty are crowded.,Force memory transformers keeps action-critical alternatives explicit until a physical observation collapses them.
34,doi:10.1167/jov.23.9.5236,Neurophysiological mechanisms of action-modulated prioritization in visual working memory,2023,Journal of Vision,https://doi.org/10.1167/jov.23.9.5236,Addresses transformer robot policies or a neighboring robotics mechanism.,"Prior work usually predicts, ranks, filters, or imitates observed behavior rather than preserving unrealized branches.",The observed outcome is enough to supervise the model.,"Contact mode support, embodiment limits, and deployment perturbations.","Branch collapse, hidden-mode shift, and tail-risk planning failures.",Generic world models and generic uncertainty are crowded.,Force memory transformers keeps action-critical alternatives explicit until a physical observation collapses them.
35,doi:10.1145/3577190.3614122,"HIINT: Historical, Intra- and Inter- personal Dynamics Modeling with Cross-person Memory Transformer",2023,INTERNATIONAL CONFERENCE ON MULTIMODAL INTERACTION,https://doi.org/10.1145/3577190.3614122,Addresses transformer robot policies or a neighboring robotics mechanism.,"Prior work usually predicts, ranks, filters, or imitates observed behavior rather than preserving unrealized branches.",The observed outcome is enough to supervise the model.,"Contact mode support, embodiment limits, and deployment perturbations.","Branch collapse, hidden-mode shift, and tail-risk planning failures.",Generic world models and generic uncertainty are crowded.,Force memory transformers keeps action-critical alternatives explicit until a physical observation collapses them.
36,doi:10.1609/aaai.v37i3.25412,VLTinT: Visual-Linguistic Transformer-in-Transformer for Coherent Video Paragraph Captioning,2023,Proceedings of the AAAI Conference on Artificial Intelligence,https://doi.org/10.1609/aaai.v37i3.25412,Addresses transformer robot policies or a neighboring robotics mechanism.,"Prior work usually predicts, ranks, filters, or imitates observed behavior rather than preserving unrealized branches.",The observed outcome is enough to supervise the model.,"Contact mode support, embodiment limits, and deployment perturbations.","Branch collapse, hidden-mode shift, and tail-risk planning failures.",Generic world models and generic uncertainty are crowded.,Force memory transformers keeps action-critical alternatives explicit until a physical observation collapses them.
37,doi:10.3390/bioengineering10030380,Vision–Language Model for Visual Question Answering in Medical Imagery,2023,Bioengineering,https://doi.org/10.3390/bioengineering10030380,Addresses transformer robot policies or a neighboring robotics mechanism.,"Prior work usually predicts, ranks, filters, or imitates observed behavior rather than preserving unrealized branches.",The observed outcome is enough to supervise the model.,"Contact mode support, embodiment limits, and deployment perturbations.","Branch collapse, hidden-mode shift, and tail-risk planning failures.",Generic world models and generic uncertainty are crowded.,Force memory transformers keeps action-critical alternatives explicit until a physical observation collapses them.
38,doi:10.1167/jov.22.14.3685,Action intention strengthens visual working memory representations,2022,Journal of Vision,https://doi.org/10.1167/jov.22.14.3685,Addresses transformer robot policies or a neighboring robotics mechanism.,"Prior work usually predicts, ranks, filters, or imitates observed behavior rather than preserving unrealized branches.",The observed outcome is enough to supervise the model.,"Contact mode support, embodiment limits, and deployment perturbations.","Branch collapse, hidden-mode shift, and tail-risk planning failures.",Generic world models and generic uncertainty are crowded.,Force memory transformers keeps action-critical alternatives explicit until a physical observation collapses them.
39,doi:10.1167/jov.22.14.4440,A Foveated Vision-Transformer Model for Scene Classification,2022,Journal of Vision,https://doi.org/10.1167/jov.22.14.4440,Addresses transformer robot policies or a neighboring robotics mechanism.,"Prior work usually predicts, ranks, filters, or imitates observed behavior rather than preserving unrealized branches.",The observed outcome is enough to supervise the model.,"Contact mode support, embodiment limits, and deployment perturbations.","Branch collapse, hidden-mode shift, and tail-risk planning failures.",Generic world models and generic uncertainty are crowded.,Force memory transformers keeps action-critical alternatives explicit until a physical observation collapses them.
40,doi:10.3390/robotics6040038,Cloud-Edge Suppression for Visual Outdoor Navigation,2017,Robotics,https://doi.org/10.3390/robotics6040038,Addresses transformer robot policies or a neighboring robotics mechanism.,"Prior work usually predicts, ranks, filters, or imitates observed behavior rather than preserving unrealized branches.",The observed outcome is enough to supervise the model.,"Contact mode support, embodiment limits, and deployment perturbations.","Branch collapse, hidden-mode shift, and tail-risk planning failures.",Generic world models and generic uncertainty are crowded.,Force memory transformers keeps action-critical alternatives explicit until a physical observation collapses them.
41,doi:10.1109/lra.2025.3629964,Visual Scene Understanding-Based Task Planning for an Efficient Multipurpose Agricultural Robot System,2025,IEEE Robotics and Automation Letters,https://doi.org/10.1109/lra.2025.3629964,Addresses transformer robot policies or a neighboring robotics mechanism.,"Prior work usually predicts, ranks, filters, or imitates observed behavior rather than preserving unrealized branches.",The observed outcome is enough to supervise the model.,"Contact mode support, embodiment limits, and deployment perturbations.","Branch collapse, hidden-mode shift, and tail-risk planning failures.",Generic world models and generic uncertainty are crowded.,Force memory transformers keeps action-critical alternatives explicit until a physical observation collapses them.
42,arxiv:2410.15959v6,Diffusion Transformer Policy,2024,arXiv,http://arxiv.org/abs/2410.15959v6,Addresses transformer robot policies or a neighboring robotics mechanism.,"Prior work usually predicts, ranks, filters, or imitates observed behavior rather than preserving unrealized branches.",The observed outcome is enough to supervise the model.,"Contact mode support, embodiment limits, and deployment perturbations.","Branch collapse, hidden-mode shift, and tail-risk planning failures.",Generic world models and generic uncertainty are crowded.,Force memory transformers keeps action-critical alternatives explicit until a physical observation collapses them.
43,doi:10.1037/0278-7393.32.1.58,Scene and position specificity in visual memory for objects.,2006,"Journal of Experimental Psychology: Learning, Memory, and Cognition",https://doi.org/10.1037/0278-7393.32.1.58,Addresses transformer robot policies or a neighboring robotics mechanism.,"Prior work usually predicts, ranks, filters, or imitates observed behavior rather than preserving unrealized branches.",The observed outcome is enough to supervise the model.,"Contact mode support, embodiment limits, and deployment perturbations.","Branch collapse, hidden-mode shift, and tail-risk planning failures.",Generic world models and generic uncertainty are crowded.,Force memory transformers keeps action-critical alternatives explicit until a physical observation collapses them.
44,arxiv:2507.04047v2,Move to Understand a 3D Scene: Bridging Visual Grounding and Exploration for Efficient and Versatile Embodied Navigation,2025,arXiv,http://arxiv.org/abs/2507.04047v2,Addresses transformer robot policies or a neighboring robotics mechanism.,"Prior work usually predicts, ranks, filters, or imitates observed behavior rather than preserving unrealized branches.",The observed outcome is enough to supervise the model.,"Contact mode support, embodiment limits, and deployment perturbations.","Branch collapse, hidden-mode shift, and tail-risk planning failures.",Generic world models and generic uncertainty are crowded.,Force memory transformers keeps action-critical alternatives explicit until a physical observation collapses them.
45,doi:10.48550/arxiv.2305.16338,Think Before You Act: Decision Transformers with Working Memory,2023,arXiv (Cornell University),https://doi.org/10.48550/arxiv.2305.16338,Addresses transformer robot policies or a neighboring robotics mechanism.,"Prior work usually predicts, ranks, filters, or imitates observed behavior rather than preserving unrealized branches.",The observed outcome is enough to supervise the model.,"Contact mode support, embodiment limits, and deployment perturbations.","Branch collapse, hidden-mode shift, and tail-risk planning failures.",Generic world models and generic uncertainty are crowded.,Force memory transformers keeps action-critical alternatives explicit until a physical observation collapses them.
46,doi:10.1167/12.11.20,Motor action reduces temporal asynchrony between perceived visual changes,2012,Journal of Vision,https://doi.org/10.1167/12.11.20,Addresses transformer robot policies or a neighboring robotics mechanism.,"Prior work usually predicts, ranks, filters, or imitates observed behavior rather than preserving unrealized branches.",The observed outcome is enough to supervise the model.,"Contact mode support, embodiment limits, and deployment perturbations.","Branch collapse, hidden-mode shift, and tail-risk planning failures.",Generic world models and generic uncertainty are crowded.,Force memory transformers keeps action-critical alternatives explicit until a physical observation collapses them.
47,doi:10.1037/0278-7393.31.3.396,The Relationship Between Online Visual Representation of a Scene and Long-Term Scene Memory.,2005,"Journal of Experimental Psychology: Learning, Memory, and Cognition",https://doi.org/10.1037/0278-7393.31.3.396,Addresses transformer robot policies or a neighboring robotics mechanism.,"Prior work usually predicts, ranks, filters, or imitates observed behavior rather than preserving unrealized branches.",The observed outcome is enough to supervise the model.,"Contact mode support, embodiment limits, and deployment perturbations.","Branch collapse, hidden-mode shift, and tail-risk planning failures.",Generic world models and generic uncertainty are crowded.,Force memory transformers keeps action-critical alternatives explicit until a physical observation collapses them.
48,arxiv:2411.16170v2,CARE Transformer: Mobile-Friendly Linear Visual Transformer via Decoupled Dual Interaction,2024,arXiv,http://arxiv.org/abs/2411.16170v2,Addresses transformer robot policies or a neighboring robotics mechanism.,"Prior work usually predicts, ranks, filters, or imitates observed behavior rather than preserving unrealized branches.",The observed outcome is enough to supervise the model.,"Contact mode support, embodiment limits, and deployment perturbations.","Branch collapse, hidden-mode shift, and tail-risk planning failures.",Generic world models and generic uncertainty are crowded.,Force memory transformers keeps action-critical alternatives explicit until a physical observation collapses them.
49,doi:10.1109/tro.2021.3069132,Memory Clustering Using Persistent Homology for Multimodality- and Discontinuity-Sensitive Learning of Optimal Control Warm-Starts,2021,IEEE Transactions on Robotics,https://doi.org/10.1109/tro.2021.3069132,Addresses transformer robot policies or a neighboring robotics mechanism.,"Prior work usually predicts, ranks, filters, or imitates observed behavior rather than preserving unrealized branches.",The observed outcome is enough to supervise the model.,"Contact mode support, embodiment limits, and deployment perturbations.","Branch collapse, hidden-mode shift, and tail-risk planning failures.",Generic world models and generic uncertainty are crowded.,Force memory transformers keeps action-critical alternatives explicit until a physical observation collapses them.
50,doi:10.1016/j.displa.2026.103356,MeAP: dual level memory strategy augmented transformer based visual object predictor,2026,Displays,https://doi.org/10.1016/j.displa.2026.103356,Addresses transformer robot policies or a neighboring robotics mechanism.,"Prior work usually predicts, ranks, filters, or imitates observed behavior rather than preserving unrealized branches.",The observed outcome is enough to supervise the model.,"Contact mode support, embodiment limits, and deployment perturbations.","Branch collapse, hidden-mode shift, and tail-risk planning failures.",Generic world models and generic uncertainty are crowded.,Force memory transformers keeps action-critical alternatives explicit until a physical observation collapses them.
51,doi:10.1167/jov.20.11.1017,Prospective action imprinting into visual working memory,2020,Journal of Vision,https://doi.org/10.1167/jov.20.11.1017,Addresses transformer robot policies or a neighboring robotics mechanism.,"Prior work usually predicts, ranks, filters, or imitates observed behavior rather than preserving unrealized branches.",The observed outcome is enough to supervise the model.,"Contact mode support, embodiment limits, and deployment perturbations.","Branch collapse, hidden-mode shift, and tail-risk planning failures.",Generic world models and generic uncertainty are crowded.,Force memory transformers keeps action-critical alternatives explicit until a physical observation collapses them.
52,doi:10.1109/icra55743.2025.11128568,Robust Scene Change Detection Using Visual Foundation Models and Cross-Attention Mechanisms,2025,2025 IEEE International Conference on Robotics and Automation (ICRA),https://doi.org/10.1109/icra55743.2025.11128568,Addresses transformer robot policies or a neighboring robotics mechanism.,"Prior work usually predicts, ranks, filters, or imitates observed behavior rather than preserving unrealized branches.",The observed outcome is enough to supervise the model.,"Contact mode support, embodiment limits, and deployment perturbations.","Branch collapse, hidden-mode shift, and tail-risk planning failures.",Generic world models and generic uncertainty are crowded.,Force memory transformers keeps action-critical alternatives explicit until a physical observation collapses them.
53,doi:10.3389/frobt.2021.688275,Vision-Guided MPC for Robotic Path Following Using Learned Memory-Augmented Model,2021,Frontiers in Robotics and AI,https://doi.org/10.3389/frobt.2021.688275,Addresses transformer robot policies or a neighboring robotics mechanism.,"Prior work usually predicts, ranks, filters, or imitates observed behavior rather than preserving unrealized branches.",The observed outcome is enough to supervise the model.,"Contact mode support, embodiment limits, and deployment perturbations.","Branch collapse, hidden-mode shift, and tail-risk planning failures.",Generic world models and generic uncertainty are crowded.,Force memory transformers keeps action-critical alternatives explicit until a physical observation collapses them.
54,arxiv:2605.00307v1,A Model-based Visual Contact Localization and Force Sensing System for Compliant Robotic Grippers,2026,arXiv,http://arxiv.org/abs/2605.00307v1,Addresses transformer robot policies or a neighboring robotics mechanism.,"Prior work usually predicts, ranks, filters, or imitates observed behavior rather than preserving unrealized branches.",The observed outcome is enough to supervise the model.,"Contact mode support, embodiment limits, and deployment perturbations.","Branch collapse, hidden-mode shift, and tail-risk planning failures.",Generic world models and generic uncertainty are crowded.,Force memory transformers keeps action-critical alternatives explicit until a physical observation collapses them.
55,doi:10.48550/arxiv.2403.14270,Scene-Graph ViT: End-to-End Open-Vocabulary Visual Relationship Detection,2024,arXiv (Cornell University),https://doi.org/10.48550/arxiv.2403.14270,Addresses transformer robot policies or a neighboring robotics mechanism.,"Prior work usually predicts, ranks, filters, or imitates observed behavior rather than preserving unrealized branches.",The observed outcome is enough to supervise the model.,"Contact mode support, embodiment limits, and deployment perturbations.","Branch collapse, hidden-mode shift, and tail-risk planning failures.",Generic world models and generic uncertainty are crowded.,Force memory transformers keeps action-critical alternatives explicit until a physical observation collapses them.
56,doi:10.1523/jneurosci.2588-17.2018,Neural Representations of Sensorimotor Memory- and Digit Position-Based Load Force Adjustments Before the Onset of Dexterous Object Manipulation,2018,The Journal of Neuroscience,https://doi.org/10.1523/jneurosci.2588-17.2018,Addresses transformer robot policies or a neighboring robotics mechanism.,"Prior work usually predicts, ranks, filters, or imitates observed behavior rather than preserving unrealized branches.",The observed outcome is enough to supervise the model.,"Contact mode support, embodiment limits, and deployment perturbations.","Branch collapse, hidden-mode shift, and tail-risk planning failures.",Generic world models and generic uncertainty are crowded.,Force memory transformers keeps action-critical alternatives explicit until a physical observation collapses them.
57,doi:10.1109/tpami.2024.3392941,"A Survey on Efficient Vision Transformers: Algorithms, Techniques, and Performance Benchmarking",2024,IEEE Transactions on Pattern Analysis and Machine Intelligence,https://doi.org/10.1109/tpami.2024.3392941,Addresses transformer robot policies or a neighboring robotics mechanism.,"Prior work usually predicts, ranks, filters, or imitates observed behavior rather than preserving unrealized branches.",The observed outcome is enough to supervise the model.,"Contact mode support, embodiment limits, and deployment perturbations.","Branch collapse, hidden-mode shift, and tail-risk planning failures.",Generic world models and generic uncertainty are crowded.,Force memory transformers keeps action-critical alternatives explicit until a physical observation collapses them.
58,title:robotic scene cloning advancing zero shot robotic scene adaptation in manipulation via visual prompt editing,Robotic Scene Cloning:Advancing Zero-Shot Robotic Scene Adaptation in Manipulation via Visual Prompt Editing,2026,ArXiv.org,https://openalex.org/W7134992680,Addresses transformer robot policies or a neighboring robotics mechanism.,"Prior work usually predicts, ranks, filters, or imitates observed behavior rather than preserving unrealized branches.",The observed outcome is enough to supervise the model.,"Contact mode support, embodiment limits, and deployment perturbations.","Branch collapse, hidden-mode shift, and tail-risk planning failures.",Generic world models and generic uncertainty are crowded.,Force memory transformers keeps action-critical alternatives explicit until a physical observation collapses them.
59,title:a model based visual contact localization and force sensing system for compliant robotic grippers,A Model-based Visual Contact Localization and Force Sensing System for Compliant Robotic Grippers,2026,arXiv (Cornell University),https://openalex.org/W7160360744,Addresses transformer robot policies or a neighboring robotics mechanism.,"Prior work usually predicts, ranks, filters, or imitates observed behavior rather than preserving unrealized branches.",The observed outcome is enough to supervise the model.,"Contact mode support, embodiment limits, and deployment perturbations.","Branch collapse, hidden-mode shift, and tail-risk planning failures.",Generic world models and generic uncertainty are crowded.,Force memory transformers keeps action-critical alternatives explicit until a physical observation collapses them.
60,doi:10.1109/icra57147.2024.10611288,Regressing Transformers for Data-efficient Visual Place Recognition,2024,,https://doi.org/10.1109/icra57147.2024.10611288,Addresses transformer robot policies or a neighboring robotics mechanism.,"Prior work usually predicts, ranks, filters, or imitates observed behavior rather than preserving unrealized branches.",The observed outcome is enough to supervise the model.,"Contact mode support, embodiment limits, and deployment perturbations.","Branch collapse, hidden-mode shift, and tail-risk planning failures.",Generic world models and generic uncertainty are crowded.,Force memory transformers keeps action-critical alternatives explicit until a physical observation collapses them.
61,doi:10.3390/aerospace12020073,Development and Evaluation of Transformer-Based Basic Fighter Maneuver Decision-Support Scheme for Piloting During Within-Visual-Range Air Combat,2025,Aerospace,https://doi.org/10.3390/aerospace12020073,Addresses transformer robot policies or a neighboring robotics mechanism.,"Prior work usually predicts, ranks, filters, or imitates observed behavior rather than preserving unrealized branches.",The observed outcome is enough to supervise the model.,"Contact mode support, embodiment limits, and deployment perturbations.","Branch collapse, hidden-mode shift, and tail-risk planning failures.",Generic world models and generic uncertainty are crowded.,Force memory transformers keeps action-critical alternatives explicit until a physical observation collapses them.
62,doi:10.21203/rs.3.rs-6151449/v1,Lighting-Resilient Pedestrian Trajectory Prediction: A Hybrid Vision Transformer and Convolutional LSTMApproach with Dynamic Lighting Augmentation,,,https://doi.org/10.21203/rs.3.rs-6151449/v1,Addresses transformer robot policies or a neighboring robotics mechanism.,"Prior work usually predicts, ranks, filters, or imitates observed behavior rather than preserving unrealized branches.",The observed outcome is enough to supervise the model.,"Contact mode support, embodiment limits, and deployment perturbations.","Branch collapse, hidden-mode shift, and tail-risk planning failures.",Generic world models and generic uncertainty are crowded.,Force memory transformers keeps action-critical alternatives explicit until a physical observation collapses them.
63,doi:10.3390/s26113541,Sensing the Action: Rethinking Sensor Modalities and Multi-Modal Fusion in Vision–Language–Action Models for Robotic Manipulation,2026,Sensors,https://doi.org/10.3390/s26113541,Addresses transformer robot policies or a neighboring robotics mechanism.,"Prior work usually predicts, ranks, filters, or imitates observed behavior rather than preserving unrealized branches.",The observed outcome is enough to supervise the model.,"Contact mode support, embodiment limits, and deployment perturbations.","Branch collapse, hidden-mode shift, and tail-risk planning failures.",Generic world models and generic uncertainty are crowded.,Force memory transformers keeps action-critical alternatives explicit until a physical observation collapses them.
64,doi:10.1109/crv.2018.00033,Semantic Scene Models for Visual Localization under Large Viewpoint Changes,2018,2018 15th Conference on Computer and Robot Vision (CRV),https://doi.org/10.1109/crv.2018.00033,Addresses transformer robot policies or a neighboring robotics mechanism.,"Prior work usually predicts, ranks, filters, or imitates observed behavior rather than preserving unrealized branches.",The observed outcome is enough to supervise the model.,"Contact mode support, embodiment limits, and deployment perturbations.","Branch collapse, hidden-mode shift, and tail-risk planning failures.",Generic world models and generic uncertainty are crowded.,Force memory transformers keeps action-critical alternatives explicit until a physical observation collapses them.
65,arxiv:2410.03522v2,HMT-Grasp: A Hybrid Mamba-Transformer Approach for Robot Grasping in Cluttered Environments,2024,arXiv,http://arxiv.org/abs/2410.03522v2,Addresses transformer robot policies or a neighboring robotics mechanism.,"Prior work usually predicts, ranks, filters, or imitates observed behavior rather than preserving unrealized branches.",The observed outcome is enough to supervise the model.,"Contact mode support, embodiment limits, and deployment perturbations.","Branch collapse, hidden-mode shift, and tail-risk planning failures.",Generic world models and generic uncertainty are crowded.,Force memory transformers keeps action-critical alternatives explicit until a physical observation collapses them.
66,doi:10.55277/researchhub.6gsl1yjk,Persistent Memory as a Bottleneck in Long-Horizon Large Language Model Workflows,2026,,https://doi.org/10.55277/researchhub.6gsl1yjk,Addresses transformer robot policies or a neighboring robotics mechanism.,"Prior work usually predicts, ranks, filters, or imitates observed behavior rather than preserving unrealized branches.",The observed outcome is enough to supervise the model.,"Contact mode support, embodiment limits, and deployment perturbations.","Branch collapse, hidden-mode shift, and tail-risk planning failures.",Generic world models and generic uncertainty are crowded.,Force memory transformers keeps action-critical alternatives explicit until a physical observation collapses them.
67,doi:10.1167/18.10.705,The Mental Muscle: Effects of Concurrent Effortful Physical Action on Visual Working Memory,2018,Journal of Vision,https://doi.org/10.1167/18.10.705,Addresses transformer robot policies or a neighboring robotics mechanism.,"Prior work usually predicts, ranks, filters, or imitates observed behavior rather than preserving unrealized branches.",The observed outcome is enough to supervise the model.,"Contact mode support, embodiment limits, and deployment perturbations.","Branch collapse, hidden-mode shift, and tail-risk planning failures.",Generic world models and generic uncertainty are crowded.,Force memory transformers keeps action-critical alternatives explicit until a physical observation collapses them.
68,doi:10.1007/s10015-012-0074-9,Experimental evaluation of teleoperation system with force-free control and visual servo control by human operator perception,2013,Artificial Life and Robotics,https://doi.org/10.1007/s10015-012-0074-9,Addresses transformer robot policies or a neighboring robotics mechanism.,"Prior work usually predicts, ranks, filters, or imitates observed behavior rather than preserving unrealized branches.",The observed outcome is enough to supervise the model.,"Contact mode support, embodiment limits, and deployment perturbations.","Branch collapse, hidden-mode shift, and tail-risk planning failures.",Generic world models and generic uncertainty are crowded.,Force memory transformers keeps action-critical alternatives explicit until a physical observation collapses them.
69,arxiv:2511.09516v1,MAP-VLA: Memory-Augmented Prompting for Vision-Language-Action Model in Robotic Manipulation,2025,arXiv,http://arxiv.org/abs/2511.09516v1,Addresses transformer robot policies or a neighboring robotics mechanism.,"Prior work usually predicts, ranks, filters, or imitates observed behavior rather than preserving unrealized branches.",The observed outcome is enough to supervise the model.,"Contact mode support, embodiment limits, and deployment perturbations.","Branch collapse, hidden-mode shift, and tail-risk planning failures.",Generic world models and generic uncertainty are crowded.,Force memory transformers keeps action-critical alternatives explicit until a physical observation collapses them.
70,doi:10.3390/robotics12040114,SceneGATE: Scene-Graph Based Co-Attention Networks for Text Visual Question Answering,2023,Robotics,https://doi.org/10.3390/robotics12040114,Addresses transformer robot policies or a neighboring robotics mechanism.,"Prior work usually predicts, ranks, filters, or imitates observed behavior rather than preserving unrealized branches.",The observed outcome is enough to supervise the model.,"Contact mode support, embodiment limits, and deployment perturbations.","Branch collapse, hidden-mode shift, and tail-risk planning failures.",Generic world models and generic uncertainty are crowded.,Force memory transformers keeps action-critical alternatives explicit until a physical observation collapses them.
71,arxiv:2509.06201v1,Grasp-MPC: Closed-Loop Visual Grasping via Value-Guided Model Predictive Control,2025,arXiv,http://arxiv.org/abs/2509.06201v1,Addresses transformer robot policies or a neighboring robotics mechanism.,"Prior work usually predicts, ranks, filters, or imitates observed behavior rather than preserving unrealized branches.",The observed outcome is enough to supervise the model.,"Contact mode support, embodiment limits, and deployment perturbations.","Branch collapse, hidden-mode shift, and tail-risk planning failures.",Generic world models and generic uncertainty are crowded.,Force memory transformers keeps action-critical alternatives explicit until a physical observation collapses them.
72,doi:10.1609/aaai.v40i22.38885,History-Enhanced Two-Stage Transformer for Aerial Vision-and-Language Navigation,2026,Proceedings of the AAAI Conference on Artificial Intelligence,https://doi.org/10.1609/aaai.v40i22.38885,Addresses transformer robot policies or a neighboring robotics mechanism.,"Prior work usually predicts, ranks, filters, or imitates observed behavior rather than preserving unrealized branches.",The observed outcome is enough to supervise the model.,"Contact mode support, embodiment limits, and deployment perturbations.","Branch collapse, hidden-mode shift, and tail-risk planning failures.",Generic world models and generic uncertainty are crowded.,Force memory transformers keeps action-critical alternatives explicit until a physical observation collapses them.
73,doi:10.3390/robotics8010003,Indoor Scene and Position Recognition Based on Visual Landmarks Obtained from Visual Saliency without Human Effect,2019,Robotics,https://doi.org/10.3390/robotics8010003,Addresses transformer robot policies or a neighboring robotics mechanism.,"Prior work usually predicts, ranks, filters, or imitates observed behavior rather than preserving unrealized branches.",The observed outcome is enough to supervise the model.,"Contact mode support, embodiment limits, and deployment perturbations.","Branch collapse, hidden-mode shift, and tail-risk planning failures.",Generic world models and generic uncertainty are crowded.,Force memory transformers keeps action-critical alternatives explicit until a physical observation collapses them.
74,doi:10.48550/arxiv.1911.05603,Are We Ready for Service Robots? The OpenLORIS-Scene Datasets for Lifelong SLAM,2019,arXiv (Cornell University),https://doi.org/10.48550/arxiv.1911.05603,Addresses transformer robot policies or a neighboring robotics mechanism.,"Prior work usually predicts, ranks, filters, or imitates observed behavior rather than preserving unrealized branches.",The observed outcome is enough to supervise the model.,"Contact mode support, embodiment limits, and deployment perturbations.","Branch collapse, hidden-mode shift, and tail-risk planning failures.",Generic world models and generic uncertainty are crowded.,Force memory transformers keeps action-critical alternatives explicit until a physical observation collapses them.
75,doi:10.1038/s41598-025-31558-1,A novel deep transformer based CvT model for sign language recognition in visual communication,2025,Scientific Reports,https://doi.org/10.1038/s41598-025-31558-1,Addresses transformer robot policies or a neighboring robotics mechanism.,"Prior work usually predicts, ranks, filters, or imitates observed behavior rather than preserving unrealized branches.",The observed outcome is enough to supervise the model.,"Contact mode support, embodiment limits, and deployment perturbations.","Branch collapse, hidden-mode shift, and tail-risk planning failures.",Generic world models and generic uncertainty are crowded.,Force memory transformers keeps action-critical alternatives explicit until a physical observation collapses them.
76,arxiv:2409.15250v3,ReVLA: Reverting Visual Domain Limitation of Robotic Foundation Models,2024,arXiv,http://arxiv.org/abs/2409.15250v3,Addresses transformer robot policies or a neighboring robotics mechanism.,"Prior work usually predicts, ranks, filters, or imitates observed behavior rather than preserving unrealized branches.",The observed outcome is enough to supervise the model.,"Contact mode support, embodiment limits, and deployment perturbations.","Branch collapse, hidden-mode shift, and tail-risk planning failures.",Generic world models and generic uncertainty are crowded.,Force memory transformers keeps action-critical alternatives explicit until a physical observation collapses them.
77,arxiv:2206.05712v1,Graph-based Spatial Transformer with Memory Replay for Multi-future Pedestrian Trajectory Prediction,2022,arXiv,http://arxiv.org/abs/2206.05712v1,Addresses transformer robot policies or a neighboring robotics mechanism.,"Prior work usually predicts, ranks, filters, or imitates observed behavior rather than preserving unrealized branches.",The observed outcome is enough to supervise the model.,"Contact mode support, embodiment limits, and deployment perturbations.","Branch collapse, hidden-mode shift, and tail-risk planning failures.",Generic world models and generic uncertainty are crowded.,Force memory transformers keeps action-critical alternatives explicit until a physical observation collapses them.
78,arxiv:2207.05006v1,TASKOGRAPHY: Evaluating robot task planning over large 3D scene graphs,2022,arXiv,http://arxiv.org/abs/2207.05006v1,Addresses transformer robot policies or a neighboring robotics mechanism.,"Prior work usually predicts, ranks, filters, or imitates observed behavior rather than preserving unrealized branches.",The observed outcome is enough to supervise the model.,"Contact mode support, embodiment limits, and deployment perturbations.","Branch collapse, hidden-mode shift, and tail-risk planning failures.",Generic world models and generic uncertainty are crowded.,Force memory transformers keeps action-critical alternatives explicit until a physical observation collapses them.
79,doi:10.4018/ijcini.386767,Visual Multi Feature Fusion for Precise Robot Grasping,2025,International Journal of Cognitive Informatics and Natural Intelligence,https://doi.org/10.4018/ijcini.386767,Addresses transformer robot policies or a neighboring robotics mechanism.,"Prior work usually predicts, ranks, filters, or imitates observed behavior rather than preserving unrealized branches.",The observed outcome is enough to supervise the model.,"Contact mode support, embodiment limits, and deployment perturbations.","Branch collapse, hidden-mode shift, and tail-risk planning failures.",Generic world models and generic uncertainty are crowded.,Force memory transformers keeps action-critical alternatives explicit until a physical observation collapses them.
80,doi:10.26599/cvm.2025.9450383,Swin3D: A Pretrained Transformer Backbone for 3D Indoor Scene Understanding,2025,Computational Visual Media,https://doi.org/10.26599/cvm.2025.9450383,Addresses transformer robot policies or a neighboring robotics mechanism.,"Prior work usually predicts, ranks, filters, or imitates observed behavior rather than preserving unrealized branches.",The observed outcome is enough to supervise the model.,"Contact mode support, embodiment limits, and deployment perturbations.","Branch collapse, hidden-mode shift, and tail-risk planning failures.",Generic world models and generic uncertainty are crowded.,Force memory transformers keeps action-critical alternatives explicit until a physical observation collapses them.
81,arxiv:2603.19137v1,GSMem: 3D Gaussian Splatting as Persistent Spatial Memory for Zero-Shot Embodied Exploration and Reasoning,2026,arXiv,http://arxiv.org/abs/2603.19137v1,Addresses transformer robot policies or a neighboring robotics mechanism.,"Prior work usually predicts, ranks, filters, or imitates observed behavior rather than preserving unrealized branches.",The observed outcome is enough to supervise the model.,"Contact mode support, embodiment limits, and deployment perturbations.","Branch collapse, hidden-mode shift, and tail-risk planning failures.",Generic world models and generic uncertainty are crowded.,Force memory transformers keeps action-critical alternatives explicit until a physical observation collapses them.
82,arxiv:2505.20032v3,ViTaPEs: Visuotactile Position Encodings for Cross-Modal Alignment in Multimodal Transformers,2025,arXiv,http://arxiv.org/abs/2505.20032v3,Addresses transformer robot policies or a neighboring robotics mechanism.,"Prior work usually predicts, ranks, filters, or imitates observed behavior rather than preserving unrealized branches.",The observed outcome is enough to supervise the model.,"Contact mode support, embodiment limits, and deployment perturbations.","Branch collapse, hidden-mode shift, and tail-risk planning failures.",Generic world models and generic uncertainty are crowded.,Force memory transformers keeps action-critical alternatives explicit until a physical observation collapses them.
83,arxiv:2509.22407v2,EMMA: Generalizing Real-World Robot Manipulation via Generative Visual Transfer,2025,arXiv,http://arxiv.org/abs/2509.22407v2,Addresses transformer robot policies or a neighboring robotics mechanism.,"Prior work usually predicts, ranks, filters, or imitates observed behavior rather than preserving unrealized branches.",The observed outcome is enough to supervise the model.,"Contact mode support, embodiment limits, and deployment perturbations.","Branch collapse, hidden-mode shift, and tail-risk planning failures.",Generic world models and generic uncertainty are crowded.,Force memory transformers keeps action-critical alternatives explicit until a physical observation collapses them.
84,doi:10.3390/electronics13214175,SS-Trans (Single-Stream Transformer for Multimodal Sentiment Analysis and Emotion Recognition): The Emotion Whisperer—A Single-Stream Transformer for Multimodal Sentiment Analysis,2024,Electronics,https://doi.org/10.3390/electronics13214175,Addresses transformer robot policies or a neighboring robotics mechanism.,"Prior work usually predicts, ranks, filters, or imitates observed behavior rather than preserving unrealized branches.",The observed outcome is enough to supervise the model.,"Contact mode support, embodiment limits, and deployment perturbations.","Branch collapse, hidden-mode shift, and tail-risk planning failures.",Generic world models and generic uncertainty are crowded.,Force memory transformers keeps action-critical alternatives explicit until a physical observation collapses them.
85,doi:10.1167/16.12.23,Neural coding of action planning: visual processing or visual memory?,2016,Journal of Vision,https://doi.org/10.1167/16.12.23,Addresses transformer robot policies or a neighboring robotics mechanism.,"Prior work usually predicts, ranks, filters, or imitates observed behavior rather than preserving unrealized branches.",The observed outcome is enough to supervise the model.,"Contact mode support, embodiment limits, and deployment perturbations.","Branch collapse, hidden-mode shift, and tail-risk planning failures.",Generic world models and generic uncertainty are crowded.,Force memory transformers keeps action-critical alternatives explicit until a physical observation collapses them.
86,doi:10.1007/s42452-025-06478-4,TXtreme: transformer-based extreme value prediction framework for time series forecasting,2025,Discover Applied Sciences,https://doi.org/10.1007/s42452-025-06478-4,Addresses transformer robot policies or a neighboring robotics mechanism.,"Prior work usually predicts, ranks, filters, or imitates observed behavior rather than preserving unrealized branches.",The observed outcome is enough to supervise the model.,"Contact mode support, embodiment limits, and deployment perturbations.","Branch collapse, hidden-mode shift, and tail-risk planning failures.",Generic world models and generic uncertainty are crowded.,Force memory transformers keeps action-critical alternatives explicit until a physical observation collapses them.
87,doi:10.1109/iros.2012.6385493,Bio-inspired visual memory for robot cognitive map building and scene recognition,2012,2012 IEEE/RSJ International Conference on Intelligent Robots and Systems,https://doi.org/10.1109/iros.2012.6385493,Addresses transformer robot policies or a neighboring robotics mechanism.,"Prior work usually predicts, ranks, filters, or imitates observed behavior rather than preserving unrealized branches.",The observed outcome is enough to supervise the model.,"Contact mode support, embodiment limits, and deployment perturbations.","Branch collapse, hidden-mode shift, and tail-risk planning failures.",Generic world models and generic uncertainty are crowded.,Force memory transformers keeps action-critical alternatives explicit until a physical observation collapses them.
88,doi:10.1016/j.nlm.2009.07.003,"Effects of rodent prefrontal lesions on object-based, visual scene memory",2009,Neurobiology of Learning and Memory,https://doi.org/10.1016/j.nlm.2009.07.003,Addresses transformer robot policies or a neighboring robotics mechanism.,"Prior work usually predicts, ranks, filters, or imitates observed behavior rather than preserving unrealized branches.",The observed outcome is enough to supervise the model.,"Contact mode support, embodiment limits, and deployment perturbations.","Branch collapse, hidden-mode shift, and tail-risk planning failures.",Generic world models and generic uncertainty are crowded.,Force memory transformers keeps action-critical alternatives explicit until a physical observation collapses them.
89,doi:10.1162/neco_a_01412,"Emergence of Content-Agnostic Information Processing by a Robot Using Active Inference, Visual Attention, Working Memory, and Planning",2021,Neural Computation,https://doi.org/10.1162/neco_a_01412,Addresses transformer robot policies or a neighboring robotics mechanism.,"Prior work usually predicts, ranks, filters, or imitates observed behavior rather than preserving unrealized branches.",The observed outcome is enough to supervise the model.,"Contact mode support, embodiment limits, and deployment perturbations.","Branch collapse, hidden-mode shift, and tail-risk planning failures.",Generic world models and generic uncertainty are crowded.,Force memory transformers keeps action-critical alternatives explicit until a physical observation collapses them.
90,doi:10.1609/aaai.v35i2.16231,Dynamic Graph Representation Learning for Video Dialog via Multi-Modal Shuffled Transformers,2021,Proceedings of the AAAI Conference on Artificial Intelligence,https://doi.org/10.1609/aaai.v35i2.16231,Addresses transformer robot policies or a neighboring robotics mechanism.,"Prior work usually predicts, ranks, filters, or imitates observed behavior rather than preserving unrealized branches.",The observed outcome is enough to supervise the model.,"Contact mode support, embodiment limits, and deployment perturbations.","Branch collapse, hidden-mode shift, and tail-risk planning failures.",Generic world models and generic uncertainty are crowded.,Force memory transformers keeps action-critical alternatives explicit until a physical observation collapses them.
91,arxiv:2311.13986v1,FViT-Grasp: Grasping Objects With Using Fast Vision Transformers,2023,arXiv,http://arxiv.org/abs/2311.13986v1,Addresses transformer robot policies or a neighboring robotics mechanism.,"Prior work usually predicts, ranks, filters, or imitates observed behavior rather than preserving unrealized branches.",The observed outcome is enough to supervise the model.,"Contact mode support, embodiment limits, and deployment perturbations.","Branch collapse, hidden-mode shift, and tail-risk planning failures.",Generic world models and generic uncertainty are crowded.,Force memory transformers keeps action-critical alternatives explicit until a physical observation collapses them.
92,doi:10.47363/jaicc/2022(1)e228,Visual Question Answering using Transformer Architectures: Applying Transformer Models to Improve Performance in VQA Tasks,2022,Journal of Artificial Intelligence & Cloud Computing,https://doi.org/10.47363/jaicc/2022(1)e228,Addresses transformer robot policies or a neighboring robotics mechanism.,"Prior work usually predicts, ranks, filters, or imitates observed behavior rather than preserving unrealized branches.",The observed outcome is enough to supervise the model.,"Contact mode support, embodiment limits, and deployment perturbations.","Branch collapse, hidden-mode shift, and tail-risk planning failures.",Generic world models and generic uncertainty are crowded.,Force memory transformers keeps action-critical alternatives explicit until a physical observation collapses them.
93,doi:10.36227/techrxiv.176118936.69886233/v1,"The Recursive Transformer Model: Architecture, Theory, and Implementation with Persistent Memory Logic Loops",,,https://doi.org/10.36227/techrxiv.176118936.69886233/v1,Addresses transformer robot policies or a neighboring robotics mechanism.,"Prior work usually predicts, ranks, filters, or imitates observed behavior rather than preserving unrealized branches.",The observed outcome is enough to supervise the model.,"Contact mode support, embodiment limits, and deployment perturbations.","Branch collapse, hidden-mode shift, and tail-risk planning failures.",Generic world models and generic uncertainty are crowded.,Force memory transformers keeps action-critical alternatives explicit until a physical observation collapses them.
94,doi:10.1142/s0219686728500011,Visual-Haptic Fusion for Contact-Rich Robot Skill Transfer via Diffusion Models,2026,Journal of Advanced Manufacturing Systems,https://doi.org/10.1142/s0219686728500011,Addresses transformer robot policies or a neighboring robotics mechanism.,"Prior work usually predicts, ranks, filters, or imitates observed behavior rather than preserving unrealized branches.",The observed outcome is enough to supervise the model.,"Contact mode support, embodiment limits, and deployment perturbations.","Branch collapse, hidden-mode shift, and tail-risk planning failures.",Generic world models and generic uncertainty are crowded.,Force memory transformers keeps action-critical alternatives explicit until a physical observation collapses them.
95,doi:10.1609/aaai.v36i7.20722,Transformer with Memory Replay,2022,Proceedings of the AAAI Conference on Artificial Intelligence,https://doi.org/10.1609/aaai.v36i7.20722,Addresses transformer robot policies or a neighboring robotics mechanism.,"Prior work usually predicts, ranks, filters, or imitates observed behavior rather than preserving unrealized branches.",The observed outcome is enough to supervise the model.,"Contact mode support, embodiment limits, and deployment perturbations.","Branch collapse, hidden-mode shift, and tail-risk planning failures.",Generic world models and generic uncertainty are crowded.,Force memory transformers keeps action-critical alternatives explicit until a physical observation collapses them.
96,doi:10.2139/ssrn.4915247,Cross-Scene Visual Context Parsing with Large Vision-Language Model,,,https://doi.org/10.2139/ssrn.4915247,Addresses transformer robot policies or a neighboring robotics mechanism.,"Prior work usually predicts, ranks, filters, or imitates observed behavior rather than preserving unrealized branches.",The observed outcome is enough to supervise the model.,"Contact mode support, embodiment limits, and deployment perturbations.","Branch collapse, hidden-mode shift, and tail-risk planning failures.",Generic world models and generic uncertainty are crowded.,Force memory transformers keeps action-critical alternatives explicit until a physical observation collapses them.
97,doi:10.1167/6.6.921,Online action control and the influence of scene-based visual cues,2010,Journal of Vision,https://doi.org/10.1167/6.6.921,Addresses transformer robot policies or a neighboring robotics mechanism.,"Prior work usually predicts, ranks, filters, or imitates observed behavior rather than preserving unrealized branches.",The observed outcome is enough to supervise the model.,"Contact mode support, embodiment limits, and deployment perturbations.","Branch collapse, hidden-mode shift, and tail-risk planning failures.",Generic world models and generic uncertainty are crowded.,Force memory transformers keeps action-critical alternatives explicit until a physical observation collapses them.
98,doi:10.2139/ssrn.6433709,Synergizing Transformers and Residual Kriging for Nationwide Spatiotemporal Haze Early Warning with Large Language Model-based PM Agent,,,https://doi.org/10.2139/ssrn.6433709,Addresses transformer robot policies or a neighboring robotics mechanism.,"Prior work usually predicts, ranks, filters, or imitates observed behavior rather than preserving unrealized branches.",The observed outcome is enough to supervise the model.,"Contact mode support, embodiment limits, and deployment perturbations.","Branch collapse, hidden-mode shift, and tail-risk planning failures.",Generic world models and generic uncertainty are crowded.,Force memory transformers keeps action-critical alternatives explicit until a physical observation collapses them.
99,arxiv:2604.07430v1,HY-Embodied-0.5: Embodied Foundation Models for Real-World Agents,2026,arXiv,http://arxiv.org/abs/2604.07430v1,Addresses transformer robot policies or a neighboring robotics mechanism.,"Prior work usually predicts, ranks, filters, or imitates observed behavior rather than preserving unrealized branches.",The observed outcome is enough to supervise the model.,"Contact mode support, embodiment limits, and deployment perturbations.","Branch collapse, hidden-mode shift, and tail-risk planning failures.",Generic world models and generic uncertainty are crowded.,Force memory transformers keeps action-critical alternatives explicit until a physical observation collapses them.
100,doi:10.1007/s41095-024-0430-4,CLIP-SP: Vision-language model with adaptive prompting for scene parsing,2024,Computational Visual Media,https://doi.org/10.1007/s41095-024-0430-4,Addresses transformer robot policies or a neighboring robotics mechanism.,"Prior work usually predicts, ranks, filters, or imitates observed behavior rather than preserving unrealized branches.",The observed outcome is enough to supervise the model.,"Contact mode support, embodiment limits, and deployment perturbations.","Branch collapse, hidden-mode shift, and tail-risk planning failures.",Generic world models and generic uncertainty are crowded.,Force memory transformers keeps action-critical alternatives explicit until a physical observation collapses them.
